sample_id,true_label,humidity,temperature,airflow,distance_to_source,ketones,aldehydes,alcohols,amines,sulfur,terpenes,acids,hazard,bio_attraction,bio_avoidance,bio_stress,bio_metabolic_shift,sensor_MOS_1,sensor_MOS_2,sensor_MOS_3,sensor_EC_1,sensor_EC_2,sensor_QCM_1,sensor_PID_1,sensor_IR_1,robot_x,robot_y,plume_strength,predicted_label,confidence,uncertainty,anomaly_score,recommended_action,class_probabilities,x,y,battery,step
environmental_hazard_00000,environmental_hazard,43.13054379582579,20.89664004559635,0.6818265470320648,2.894756962349165,0.028198632694003797,0.0,0.025968327714360268,0.0,0.0017163809344363946,0.005400856153466002,0.0,0.05872581364355805,0.05829791170574036,1.0,0.7563347851418585,0.3404456966254775,0.0,0.0,0.0004970210684701569,0.0,0.025795456177065305,0.0265041927905275,0.04967447035492373,0.008734942599970291,2.0,2.0,0.031681110191212725,environmental_hazard,0.76,0.24,0.04352040525985457,retreat_and_alert_operator,"{'environmental_hazard': 0.76, 'food_spoilage': 0.015555555555555555, 'infection_like_voc': 0.11777777777777777, 'safe_background': 0.10666666666666667}",2.0,2.0,100.0,0
environmental_hazard_00000,environmental_hazard,53.24826528261731,25.845706681179138,0.6433255119549498,3.3399870529154594,0.0,0.0,0.049918025248740276,0.0,4.484289516896306e-05,0.0077533024386133775,0.034095841461445786,0.0786581432779134,0.19195244920759424,0.9416917387806757,0.8134901677933574,0.10905557969617236,0.12182353290096079,0.06388421312447065,0.0736562896315899,0.061370760114503126,0.10022603469586823,0.06860125385313783,0.20461726790854906,0.06544374145209113,0.5,1.0,0.02583904487264762,environmental_hazard,0.7755555555555556,0.22444444444444445,0.027807887458534797,retreat_and_alert_operator,"{'environmental_hazard': 0.7755555555555556, 'food_spoilage': 0.006666666666666667, 'infection_like_voc': 0.11777777777777777, 'safe_background': 0.1}",0.5,1.0,99.6,1
environmental_hazard_00000,environmental_hazard,55.391292917883646,22.084149686756916,0.4550889820931528,2.608715678589025,0.0,0.0,0.0,0.010570739158822423,0.047453172274355665,0.0,0.0,0.005923100973707336,0.06141286901858099,0.8680341304658991,0.8660719356315424,0.23511999100459735,0.0,0.032420568806881184,0.0,0.028324980288009102,0.06385689179751562,0.05490026157328558,0.08391628581367694,0.08312006706918662,0.0,0.0,0.02304886740558909,environmental_hazard,0.7155555555555555,0.2844444444444445,0.04033586571847381,retreat_and_alert_operator,"{'environmental_hazard': 0.7155555555555555, 'food_spoilage': 0.008888888888888889, 'infection_like_voc': 0.12444444444444444, 'safe_background': 0.1511111111111111}",0.0,0.0,99.19999999999999,2
environmental_hazard_00000,environmental_hazard,52.01369551082869,20.500754226599472,0.46792755034596323,2.756862526917935,0.0,0.03746458021472969,0.06446303548092663,0.0,0.0,0.0,0.0,0.007449488057374217,0.1462955313174204,0.9584925630728517,0.8437662077649285,0.22496364967382007,0.017405677927330873,0.008987988924064777,0.08983782078780082,0.0,0.0,0.0,0.05359970711606926,0.06072801227228539,0.0,0.0,0.02304886740558909,environmental_hazard,0.7266666666666667,0.2733333333333333,0.04963714872324504,retreat_and_alert_operator,"{'environmental_hazard': 0.7266666666666667, 'food_spoilage': 0.013333333333333334, 'infection_like_voc': 0.10222222222222223, 'safe_background': 0.15777777777777777}",0.0,0.0,98.79999999999998,3
environmental_hazard_00000,environmental_hazard,48.81078888384079,26.974339954910466,0.39649273278493424,0.6640413203091918,0.020600717847937638,0.0007962794775525691,0.08629322099535233,0.03293853277729791,0.07359478035529901,0.050505990508183,0.0,0.0037784487667197626,0.0,0.9468951817060873,0.8526070355515218,0.1590720795554882,0.0629493705804183,0.0905833464293383,0.16836873414200593,0.08604047896788825,0.10014493777849186,0.1142222233533891,0.12469039629997404,0.09793010497941589,0.0,0.0,0.02304886740558909,environmental_hazard,0.78,0.21999999999999997,0.021284807553891505,retreat_and_alert_operator,"{'environmental_hazard': 0.78, 'food_spoilage': 0.015555555555555555, 'infection_like_voc': 0.08666666666666667, 'safe_background': 0.11777777777777777}",0.0,0.0,98.39999999999998,4
environmental_hazard_00000,environmental_hazard,58.77404190705866,22.228364524451067,0.4958339262298151,8.722731998365,0.0,0.0584770777938416,0.0,0.06319613164870369,0.006203076782581463,0.0045843831315494086,0.0296769898399305,0.05945883933945852,0.19039896909865714,0.97268874069136,0.7261395593077968,0.2277978116843988,0.06034006222452633,0.07720218826609773,0.07668674062269717,0.15504582254462168,0.10732993874425277,0.1481185776161132,0.12498012781141907,0.06827361892073375,0.0,0.0,0.02304886740558909,environmental_hazard,0.8044444444444444,0.1955555555555556,0.05010965509078952,retreat_and_alert_operator,"{'environmental_hazard': 0.8044444444444444, 'food_spoilage': 0.028888888888888888, 'infection_like_voc': 0.13111111111111112, 'safe_background': 0.035555555555555556}",0.0,0.0,97.99999999999997,5
environmental_hazard_00000,environmental_hazard,56.20257867917702,20.319670398495226,0.26436636573714123,3.5409898144359806,0.0,0.005877998120326789,0.02047864609638428,0.019140669531382545,0.01489782399897168,0.0,0.0,0.0,0.09912284863502609,1.0,0.8131103993017285,0.22172215066370307,0.01889355457593074,0.0,0.020234831364845145,0.03705829476477618,0.0,0.02018058306196467,0.0,0.0482224409853759,0.0,0.0,0.02304886740558909,environmental_hazard,0.7022222222222222,0.2977777777777778,0.037784741461256155,retreat_and_alert_operator,"{'environmental_hazard': 0.7022222222222222, 'food_spoilage': 0.015555555555555555, 'infection_like_voc': 0.12222222222222222, 'safe_background': 0.16}",0.0,0.0,97.59999999999997,6
environmental_hazard_00000,environmental_hazard,68.30102543274275,20.395650719028872,0.7133260660460754,2.1496808089572452,0.0,0.011231470991419315,0.014461629638774042,0.0,0.0,0.0,0.041786198430371416,0.005496668736562552,0.08636347144274584,1.0,0.7970188829045192,0.25907699461682543,0.08227821049505961,0.02202455170058927,0.06433043290881582,0.05824214923286168,0.04753971634906831,0.029650710792226538,0.0805699972175094,0.0,0.0,0.0,0.02304886740558909,environmental_hazard,0.68,0.31999999999999995,0.01166355135495778,repeat_sampling,"{'environmental_hazard': 0.68, 'food_spoilage': 0.017777777777777778, 'infection_like_voc': 0.14444444444444443, 'safe_background': 0.15777777777777777}",0.0,0.0,97.19999999999996,7
environmental_hazard_00000,environmental_hazard,43.755198817820656,19.571985565822523,0.3758162962152083,4.508092762778757,0.06828033635972108,0.03721907824632578,0.022389285371260538,0.0,0.05255418761005341,0.09401312984062955,0.01985067514305224,0.025191376016706273,0.1526294098651877,1.0,0.7748870562332036,0.205298739152371,0.05078584647888723,0.0,0.0,0.050492116515588555,0.0030253124524725165,0.021507955742736118,0.109961463168514,0.057526568097084674,1.2241785382528083,0.7654339247072038,0.027128125123026977,environmental_hazard,0.7977777777777778,0.2022222222222222,0.031191474176244904,retreat_and_alert_operator,"{'environmental_hazard': 0.7977777777777778, 'food_spoilage': 0.013333333333333334, 'infection_like_voc': 0.10666666666666667, 'safe_background': 0.08222222222222222}",1.2241785382528083,0.7654339247072038,96.79999999999995,8
environmental_hazard_00000,environmental_hazard,48.35928749610631,22.97426208853173,0.2401043439613084,2.3029136155432988,0.009120918412693291,0.0,0.0,0.0,0.05966345807546107,0.008967984140717374,0.008944559340427618,0.0,0.1063154946948213,0.8008852524800081,0.7899458069839415,0.2984436430152047,0.0,0.0489645453648953,0.0,0.0220558929539735,0.03160566702014396,0.007393291058666082,0.07073950685374232,0.036661078279983154,0.0,0.0,0.02304886740558909,environmental_hazard,0.6622222222222223,0.33777777777777773,0.045265679064211584,repeat_sampling,"{'environmental_hazard': 0.6622222222222223, 'food_spoilage': 0.015555555555555555, 'infection_like_voc': 0.14888888888888888, 'safe_background': 0.17333333333333334}",0.0,0.0,96.39999999999995,9
environmental_hazard_00000,environmental_hazard,46.86734263424997,13.705113320932487,0.6110646079914415,4.2902668684712975,0.0,0.0649442743763223,0.0,0.0,0.0,0.014995748266135912,0.0,0.09089166328976482,0.11392451458654865,0.9458954396326004,0.7908160320515119,0.14142425512245693,0.0,0.0,0.0,0.0,0.0,0.0,0.0,0.0,1.2619221345251732,1.1807574641020064,0.028020327380270393,environmental_hazard,0.8222222222222222,0.1777777777777778,0.019994805055120635,retreat_and_alert_operator,"{'environmental_hazard': 0.8222222222222222, 'food_spoilage': 0.013333333333333334, 'infection_like_voc': 0.07555555555555556, 'safe_background': 0.08888888888888889}",1.2619221345251732,1.1807574641020064,95.99999999999994,10
environmental_hazard_00000,environmental_hazard,59.890342270505684,20.80832204871096,0.09761315392984017,2.6537059306590605,0.0,0.036323973547967264,0.0,0.0,0.010383208343100829,0.0,0.0,0.027926532855288747,0.025340310231652466,1.0,0.6757966468145329,0.27816371125927997,0.03854995141636593,0.05254108662678379,0.0,0.07165300685645454,0.0666384307147755,0.008075362124655533,0.06848307854445856,0.0,0.0,0.18075746410200644,0.023341930454316175,environmental_hazard,0.7266666666666667,0.2733333333333333,0.017943271861474153,retreat_and_alert_operator,"{'environmental_hazard': 0.7266666666666667, 'food_spoilage': 0.017777777777777778, 'infection_like_voc': 0.10444444444444445, 'safe_background': 0.1511111111111111}",0.0,0.18075746410200644,95.59999999999994,11
environmental_hazard_00000,environmental_hazard,39.64280975027868,21.713300601536254,0.4628010196127906,3.4235612882322273,0.051424971433691485,0.0,0.02689141925320716,0.010897506276277561,0.06046738368131768,0.006372057548036519,0.0150706321761633,0.07864493833028888,0.15806306144738136,1.0,0.733427387146005,0.23963552126588175,0.0,0.0,0.034540874466703786,0.0,0.06314477356465012,0.0,0.06251047525570967,0.0,0.0,0.0,0.02304886740558909,environmental_hazard,0.8066666666666666,0.19333333333333336,0.05435777025367722,retreat_and_alert_operator,"{'environmental_hazard': 0.8066666666666666, 'food_spoilage': 0.008888888888888889, 'infection_like_voc': 0.09111111111111111, 'safe_background': 0.09333333333333334}",0.0,0.0,95.19999999999993,12
environmental_hazard_00000,environmental_hazard,30.62966808744763,25.328686276572213,0.469929561404835,3.381361319955463,0.014084331669181455,0.0,0.0,0.031643101854457026,0.0,0.0,0.0,0.06837564431005441,0.211964178850244,0.8312908919084545,0.8973429485711845,0.14441135104694036,0.04800859013385995,0.0,0.005231665965869846,0.0,0.0,0.0,0.0,0.0,0.0,0.0,0.02304886740558909,environmental_hazard,0.7555555555555555,0.24444444444444446,0.031537847081639425,retreat_and_alert_operator,"{'environmental_hazard': 0.7555555555555555, 'food_spoilage': 0.011111111111111112, 'infection_like_voc': 0.11555555555555555, 'safe_background': 0.11777777777777777}",0.0,0.0,94.79999999999993,13
environmental_hazard_00000,environmental_hazard,58.68957058476827,25.573798249178893,0.6959982936218093,8.189534904001174,0.02230525882685712,0.0,0.0,0.0,0.005080078197220894,0.00747408370755162,0.004707596544393077,0.03706627426997511,0.002480299519968157,1.0,0.7722510291968027,0.2974936606857591,0.09426773797909384,0.03422955679961051,0.055895212710833385,0.0,0.09471385433939702,0.06354180770458963,0.1377167335728285,0.0,0.0,0.0,0.02304886740558909,environmental_hazard,0.7422222222222222,0.5077777777777778,-0.0076572786380562086,collect_confirmatory_sample,"{'environmental_hazard': 0.7422222222222222, 'food_spoilage': 0.022222222222222223, 'infection_like_voc': 0.13777777777777778, 'safe_background': 0.09777777777777778}",0.0,0.0,94.39999999999992,14
environmental_hazard_00000,environmental_hazard,54.05697696301378,21.08377733348201,0.22262626332484062,0.5984844638170975,0.04243606986201761,0.043485326631762154,0.0,0.0,0.029568584261835926,0.013398096325869113,0.0,0.0,0.0,1.0,0.9600166092071363,0.21510655234527856,0.0,0.0732940582229745,0.0779084462651357,0.07460744014919991,0.03456943469122263,0.030574290343527606,0.04174454601243563,0.04751842431006197,0.5,0.2,0.024441762788897148,environmental_hazard,0.74,0.26,0.025458040597676534,retreat_and_alert_operator,"{'environmental_hazard': 0.74, 'food_spoilage': 0.015555555555555555, 'infection_like_voc': 0.10444444444444445, 'safe_background': 0.14}",0.5,0.2,93.99999999999991,15
environmental_hazard_00000,environmental_hazard,66.29697155880028,19.739267308065408,0.34442857907947105,1.8950125118806396,0.01471057214006555,0.04815306900650682,0.0,0.03514771132007687,0.006104610590828791,0.0,0.0,0.007448975143278689,0.15452542669255093,1.0,0.7460169073989017,0.1414642295878242,0.09093378689538799,0.04805553252609898,0.0,0.039775170138840896,0.032350902576373304,0.04486567319133126,0.04841120555347743,0.036156729235107786,0.0,0.0,0.02304886740558909,environmental_hazard,0.7,0.30000000000000004,0.031941150007780306,repeat_sampling,"{'environmental_hazard': 0.7, 'food_spoilage': 0.015555555555555555, 'infection_like_voc': 0.12222222222222222, 'safe_background': 0.1622222222222222}",0.0,0.0,93.59999999999991,16
environmental_hazard_00000,environmental_hazard,63.89948640744129,24.389502249723453,0.5459134524020675,1.9473659873720544,0.0,0.003865679842785014,0.036450647852138474,0.0,0.0,0.0,0.06574649009958071,0.0,0.011396255234368796,0.9416664397162539,0.9056091533064395,0.21500538968478378,0.0876593588436148,0.018139898551877268,0.041158070538578256,0.07696563807059487,0.05894928784682212,0.13098774475736094,0.048150383335921004,0.1478495765149938,1.041461656319166,0.7414657607627049,0.026644956645181322,environmental_hazard,0.6822222222222222,0.3177777777777778,0.029764916062371638,repeat_sampling,"{'environmental_hazard': 0.6822222222222222, 'food_spoilage': 0.011111111111111112, 'infection_like_voc': 0.14, 'safe_background': 0.16666666666666666}",1.041461656319166,0.7414657607627049,93.1999999999999,17
environmental_hazard_00000,environmental_hazard,71.28968552394144,17.359284120926148,0.4941247546632058,1.9973319091414319,0.015904028529092007,0.042363817529304126,0.004330539838679269,0.013996621595334702,0.08764893547802066,0.07467263365478517,0.0,0.030343529500788117,0.10550845370561014,0.9102907030967784,0.7054717180552412,0.22281797001488096,0.11272833892354148,0.12306187426417745,0.06401525440467865,0.06084585898528896,0.05142654804988256,0.12825759200690168,0.09261978369109858,0.043396861536238084,2.536264860196014,1.733324443050932,0.032630086697493114,environmental_hazard,0.76,0.24,0.026088838285451055,retreat_and_alert_operator,"{'environmental_hazard': 0.76, 'food_spoilage': 0.022222222222222223, 'infection_like_voc': 0.09555555555555556, 'safe_background': 0.12222222222222222}",2.536264860196014,1.733324443050932,92.7999999999999,18
environmental_hazard_00000,environmental_hazard,59.05152624403942,21.74231365196941,0.44700152484364614,4.000752429266059,0.0,0.00401111987447712,0.009295509737435528,0.0,0.0,0.0,0.03255374238062303,0.06545441647781547,0.21437842538720991,0.8919501336735132,0.6992699959085273,0.09968183563426254,0.10656749017523583,0.02501044310429008,0.04207741294413303,0.038834386019287584,0.07786258572993156,0.01068909197108247,0.04502126287962885,0.011883389578768756,1.036264860196014,0.733324443050932,0.026617422099052334,environmental_hazard,0.7288888888888889,0.2711111111111111,0.039081519365411876,retreat_and_alert_operator,"{'environmental_hazard': 0.7288888888888889, 'food_spoilage': 0.006666666666666667, 'infection_like_voc': 0.11777777777777777, 'safe_background': 0.14666666666666667}",1.036264860196014,0.733324443050932,92.39999999999989,19
environmental_hazard_00000,environmental_hazard,26.6181777658285,22.763398186539234,0.582842428076752,4.88805104071447,0.04124072780371622,0.006470951695546278,0.026004078327905366,0.0,0.04074303280717384,0.0,0.0,0.015895810102069204,0.10517382626829924,0.8832148681932607,0.7931195135533292,0.31871859780966794,0.0,0.0,0.0,0.0,0.0,0.0,0.0,0.0,0.0,0.0,0.02304886740558909,environmental_hazard,0.7777777777777778,0.2222222222222222,0.0461965688104255,retreat_and_alert_operator,"{'environmental_hazard': 0.7777777777777778, 'food_spoilage': 0.017777777777777778, 'infection_like_voc': 0.12, 'safe_background': 0.08444444444444445}",0.0,0.0,91.99999999999989,20
environmental_hazard_00000,environmental_hazard,68.9946221156375,20.083249717447465,0.17015886763815588,0.1,0.0,0.015495190832691037,0.015029309217643512,0.0,0.025680054344780878,0.0,0.0,0.0,0.1816286243180908,1.0,0.7663972776600518,0.2950799206872447,0.04762446296824433,0.06471292016928687,0.07923307607853383,0.04343663606141733,0.015935219648989293,0.11930104527313308,0.09522020964891725,0.0044100935825010235,0.0,0.0,0.02304886740558909,environmental_hazard,0.7022222222222222,0.5477777777777778,-0.0046849359076456265,collect_confirmatory_sample,"{'environmental_hazard': 0.7022222222222222, 'food_spoilage': 0.013333333333333334, 'infection_like_voc': 0.11777777777777777, 'safe_background': 0.16666666666666666}",0.0,0.0,91.59999999999988,21
environmental_hazard_00000,environmental_hazard,43.201473387987136,18.803056413386976,0.17574069632570338,3.2687523167803514,0.02154980673459333,0.06357108440052246,0.0,0.012203247761019123,0.0,0.002752086298439449,0.0415928198923118,0.04197386897468525,0.1941266529994131,0.9366535837885565,0.8304895836432103,0.3257141755035305,0.0,0.0,0.0,0.0,0.0,0.0,0.0,0.020646520881094525,0.5,0.2,0.024441762788897148,environmental_hazard,0.76,0.24,0.03348085749530416,retreat_and_alert_operator,"{'environmental_hazard': 0.76, 'food_spoilage': 0.022222222222222223, 'infection_like_voc': 0.09555555555555556, 'safe_background': 0.12222222222222222}",0.5,0.2,91.19999999999987,22
environmental_hazard_00000,environmental_hazard,56.59600540025161,27.012739308061825,0.12654337605748436,3.41064324956079,0.07209863493111343,0.0,0.06269686643971178,0.04128816696382423,0.05438196261898294,0.009493296551525855,0.039355776381146526,0.04902990407353231,0.0479939026116153,0.7796078732314962,0.8617661689327915,0.330311804410691,0.19444686240340858,0.11266701530948534,0.14959592948578454,0.09885804097356775,0.234937823558859,0.14371280045195156,0.21900667004929047,0.1396881499127511,0.0,0.0,0.02304886740558909,environmental_hazard,0.6288888888888889,0.37111111111111106,0.041757969106055726,repeat_sampling,"{'environmental_hazard': 0.6288888888888889, 'food_spoilage': 0.042222222222222223, 'infection_like_voc': 0.21333333333333335, 'safe_background': 0.11555555555555555}",0.0,0.0,90.79999999999987,23
environmental_hazard_00000,environmental_hazard,26.950797280595317,24.425452330281345,0.6720128609884616,8.1848431168055,0.0,0.01499777618599421,0.0,0.0,0.035026725606928745,0.0,0.0,0.031134370116513266,0.07518721591326807,1.0,0.7312933259390321,0.3250538502748999,0.0,0.0,0.0,0.0,0.0,0.0,0.0,0.0,0.9826314035162621,0.9356400108964912,0.02686649462102137,environmental_hazard,0.7866666666666666,0.21333333333333337,0.016726279408127098,retreat_and_alert_operator,"{'environmental_hazard': 0.7866666666666666, 'food_spoilage': 0.02666666666666667, 'infection_like_voc': 0.12222222222222222, 'safe_background': 0.06444444444444444}",0.9826314035162621,0.9356400108964912,90.39999999999986,24
environmental_hazard_00000,environmental_hazard,25.855036382952033,18.217396339610893,0.23530561422407048,3.9909956835297207,0.0,0.061679305177609674,0.0,0.021873161014770458,0.04086795058547156,0.0,0.04033609402648458,0.003952300785538258,0.09841701044803856,0.9934642270622606,0.8274619063764641,0.3146407204103563,0.0,0.0,0.0,0.0,0.0,0.0,0.0,0.0,0.0,0.0,0.02304886740558909,environmental_hazard,0.8555555555555555,0.1444444444444445,0.02113781106461543,retreat_and_alert_operator,"{'environmental_hazard': 0.8555555555555555, 'food_spoilage': 0.03333333333333333, 'infection_like_voc': 0.05333333333333334, 'safe_background': 0.057777777777777775}",0.0,0.0,89.99999999999986,25
environmental_hazard_00000,environmental_hazard,51.243567081951404,21.634944751516247,0.4486145990359386,3.3470930777343755,0.0,0.052551211070470207,0.0,0.0,0.05180153459794315,0.0,0.0,0.0,0.19757477451865307,0.8376377908517827,0.6525008438693363,0.029637159494678517,0.0,0.0,0.049103393653913016,0.0,0.0,0.017257837055994773,0.0,0.0050216789634786995,0.0,0.0,0.02304886740558909,environmental_hazard,0.6866666666666666,0.31333333333333335,0.03297988695269216,repeat_sampling,"{'environmental_hazard': 0.6866666666666666, 'food_spoilage': 0.011111111111111112, 'infection_like_voc': 0.12666666666666668, 'safe_background': 0.17555555555555555}",0.0,0.0,89.59999999999985,26
environmental_hazard_00000,environmental_hazard,65.9171870478184,19.5870322146296,0.38315700156020166,1.3224316026238039,0.11503854385816217,0.0,0.038963240942542735,0.005045165488041046,0.0,0.037608501131330956,0.047780854134263195,0.0,0.1055040507027458,0.918019146979663,0.795489828338372,0.2739408251941288,0.14520466211783922,0.07999098968107045,0.11923128620416402,0.10942154542000888,0.012954168867846595,0.08295720570940844,0.20749907809513785,0.06363041215215814,0.9841455767968845,0.6835675616074358,0.026401726093740828,environmental_hazard,0.7111111111111111,0.28888888888888886,0.04589188175919312,retreat_and_alert_operator,"{'environmental_hazard': 0.7111111111111111, 'food_spoilage': 0.015555555555555555, 'infection_like_voc': 0.1711111111111111, 'safe_background': 0.10222222222222223}",0.9841455767968845,0.6835675616074358,89.19999999999985,27
environmental_hazard_00000,environmental_hazard,69.80153577858802,19.069901592716484,0.5811843310710534,2.182162556507531,0.0,0.05447844422952322,0.0057696983447525045,0.0,0.02977101876357823,0.0,0.0,0.0,0.04628179080807222,1.0,0.9350528917325316,0.09373313238865828,0.051825066521623914,0.056177956180402555,0.061882107198751354,0.005008859146640378,0.08391540358454869,0.01634991946180169,0.01808265986665932,0.03221466138826202,0.0,0.0,0.02304886740558909,environmental_hazard,0.7,0.30000000000000004,0.004074077910240392,repeat_sampling,"{'environmental_hazard': 0.7, 'food_spoilage': 0.011111111111111112, 'infection_like_voc': 0.12222222222222222, 'safe_background': 0.16666666666666666}",0.0,0.0,88.79999999999984,28
environmental_hazard_00000,environmental_hazard,30.834595347354167,24.03248588029126,0.2960278754479829,6.670781965415971,0.05139502091437038,0.0,0.0537497631725646,0.04957856547251521,0.0,0.004743676681750958,0.05545074269188302,0.023158572792269717,0.0564949359096479,1.0,0.8602446248614167,0.1632902144239004,0.020332522058546663,0.0,0.05107842815486115,0.0,0.026674119955358466,0.04416250366564642,0.0,0.0,1.1604905678915087,0.32167993883555057,0.026141726424235897,environmental_hazard,0.7755555555555556,0.22444444444444445,0.03633252403968701,retreat_and_alert_operator,"{'environmental_hazard': 0.7755555555555556, 'food_spoilage': 0.035555555555555556, 'infection_like_voc': 0.14444444444444443, 'safe_background': 0.044444444444444446}",1.1604905678915087,0.32167993883555057,88.39999999999984,29
environmental_hazard_00000,environmental_hazard,40.99728450409009,26.34863253351048,0.277555859606592,2.175543502454915,0.03690492200147434,0.020701146477816804,0.01673075197786251,0.0,0.0,0.023133769911259282,0.0,0.09347233122222881,0.0,0.9435196889251386,0.749398635464438,0.17293859908720635,0.05461719761393491,0.07317250730835848,0.1040179941969782,0.05677786794344342,0.07027678185670973,0.038451433401091875,0.08999979510943526,0.010304611534771205,0.0,0.0,0.02304886740558909,environmental_hazard,0.7888888888888889,0.21111111111111114,0.01977805159566548,retreat_and_alert_operator,"{'environmental_hazard': 0.7888888888888889, 'food_spoilage': 0.011111111111111112, 'infection_like_voc': 0.08444444444444445, 'safe_background': 0.11555555555555555}",0.0,0.0,87.99999999999983,30
environmental_hazard_00000,environmental_hazard,55.48904028287501,25.875517574207933,0.47575984653418973,2.5751699944849493,0.029591196553817062,0.024970387903041704,0.024198326759257666,0.0,0.0,0.0,0.0036250462369371785,0.0,0.16938691427234034,0.8946463828307222,0.5694347741501594,0.2865168098069186,0.07017852271774958,0.07200549122447358,0.003366370253215581,0.03807555456263724,0.04784394696437406,0.062237366593585364,0.11286754305036492,0.04610734079189306,0.0,0.0,0.02304886740558909,environmental_hazard,0.5822222222222222,0.4177777777777778,0.036277469506479976,repeat_sampling,"{'environmental_hazard': 0.5822222222222222, 'food_spoilage': 0.028888888888888888, 'infection_like_voc': 0.18, 'safe_background': 0.2088888888888889}",0.0,0.0,87.59999999999982,31
environmental_hazard_00000,environmental_hazard,52.41458117203126,27.17824801831375,0.42590066680367916,6.552080857960766,0.00234772282033707,0.05307890038216004,0.03221316648201622,0.057170543136320154,0.0007259548042101317,0.007356709477985977,0.0,0.0,0.15591966357322126,0.9359507126723636,0.8146245739134685,0.18413767250820423,0.09480101486797816,0.06813581627984303,0.04888592264420627,0.1404171614184141,0.09392197138327651,0.08219183885918759,0.1299496937739804,0.12610584691881963,0.6687705418717419,0.6594281176897568,0.025624362279962624,environmental_hazard,0.7466666666666667,0.2533333333333333,0.038568999238413726,retreat_and_alert_operator,"{'environmental_hazard': 0.7466666666666667, 'food_spoilage': 0.022222222222222223, 'infection_like_voc': 0.13333333333333333, 'safe_background': 0.09777777777777778}",0.6687705418717419,0.6594281176897568,87.19999999999982,32
environmental_hazard_00000,environmental_hazard,68.95077499037416,21.04748236749445,0.31725936887141576,2.615021186984672,0.0,0.0,0.02164433786347094,0.04651351004868048,0.017808589687703148,0.0,0.010842131374356578,0.024805500334996324,0.026750780573368327,1.0,0.8486559686494204,0.23751265232674057,0.061263804091285054,0.10454403577136434,0.1079691091254514,0.06513715735812547,0.1463680678262831,0.11758814241555182,0.10506760583207744,0.09920595691150652,0.0,0.0,0.02304886740558909,environmental_hazard,0.7222222222222222,0.2777777777777778,0.03654472940084863,retreat_and_alert_operator,"{'environmental_hazard': 0.7222222222222222, 'food_spoilage': 0.015555555555555555, 'infection_like_voc': 0.12666666666666668, 'safe_background': 0.13555555555555557}",0.0,0.0,86.79999999999981,33
environmental_hazard_00000,environmental_hazard,57.90958163547817,19.828373585320517,0.5689572547507161,2.6112917059373673,0.0,0.0,0.0,0.0401074025006842,0.012136972367215561,0.0,0.0,0.10672627292033895,0.11773395643757216,0.9334458115815569,0.7115104702507329,0.2946057921928351,0.0074632553069875485,0.0,0.021821221553595553,0.1485129857152822,0.13866935321565896,0.08107187887417007,0.04632209866899435,0.0,0.0,0.0,0.02304886740558909,environmental_hazard,0.8533333333333334,0.1466666666666666,0.03163513588969613,retreat_and_alert_operator,"{'environmental_hazard': 0.8533333333333334, 'food_spoilage': 0.02, 'infection_like_voc': 0.06222222222222222, 'safe_background': 0.06444444444444444}",0.0,0.0,86.3999999999998,34
environmental_hazard_00000,environmental_hazard,50.531863748889876,20.773539562642608,0.45172542794861265,4.752623311913421,0.0,0.0,0.03268407451829601,0.017483428063836043,0.04449312274032059,0.0,0.0,0.062169869797744276,0.1316204601055234,1.0,0.8333780349756098,0.265423723793736,0.0,0.005728276119857254,0.03742795111923969,0.13578874821072084,0.09075626676149129,0.001724995206913038,0.04851816982646902,0.03386548196409396,0.0,0.0,0.02304886740558909,environmental_hazard,0.8133333333333334,0.18666666666666665,0.04735753475108628,retreat_and_alert_operator,"{'environmental_hazard': 0.8133333333333334, 'food_spoilage': 0.02, 'infection_like_voc': 0.08222222222222222, 'safe_background': 0.08444444444444445}",0.0,0.0,85.9999999999998,35
environmental_hazard_00000,environmental_hazard,52.69556106423663,24.20049329465025,0.6483969719727138,10.952875441687356,0.019083390115882837,0.0,0.0,0.038015129915884946,0.056230798091434525,0.054547702344420246,0.015499714044955287,0.01822537950986659,0.09063234703412866,1.0,0.5999469431153646,0.07022574967705111,0.0,0.03771429193588774,0.05035982457859125,0.13339999410671,0.09158917186926539,0.08159166864986905,0.0725253092427266,0.0322597088001344,0.0,0.0,0.02304886740558909,environmental_hazard,0.6866666666666666,0.5633333333333334,-0.002998599482745279,collect_confirmatory_sample,"{'environmental_hazard': 0.6866666666666666, 'food_spoilage': 0.028888888888888888, 'infection_like_voc': 0.19333333333333333, 'safe_background': 0.09111111111111111}",0.0,0.0,85.5999999999998,36
environmental_hazard_00000,environmental_hazard,41.89174194533463,22.769515281969973,0.4447176211951124,0.9628327492340636,0.0,0.0,0.0505800081828217,0.0161893325550859,0.03147186778421603,0.0,0.0,0.059792033923683326,0.048544319428909896,0.930344381507431,0.8063276382248064,0.3043540258980876,0.03486912485393219,0.0023857272847681134,0.0,0.034766853223149055,0.05570666498340298,0.0,0.018627980770494566,0.039883257907909406,0.5,0.2,0.024441762788897148,environmental_hazard,0.7711111111111111,0.22888888888888892,0.047115106484611646,retreat_and_alert_operator,"{'environmental_hazard': 0.7711111111111111, 'food_spoilage': 0.008888888888888889, 'infection_like_voc': 0.10444444444444445, 'safe_background': 0.11555555555555555}",0.5,0.2,85.19999999999979,37
environmental_hazard_00000,environmental_hazard,78.61370753402547,16.98110204139534,0.45775520209278364,0.5206794853795959,0.0,0.08042383973971437,0.026038176762307737,0.0,0.0677128266450939,0.0,0.028418999668669658,0.08066141211588336,0.12477946903158907,1.0,0.8146715877981462,0.1962487847777289,0.1050930208745597,0.1037657544572706,0.14447387206722723,0.1204956700181547,0.22593139395681144,0.10489320393406575,0.16787862205450865,0.12446978308228927,0.0,0.0,0.02304886740558909,environmental_hazard,0.8488888888888889,0.15111111111111108,0.014265579634103465,retreat_and_alert_operator,"{'environmental_hazard': 0.8488888888888889, 'food_spoilage': 0.006666666666666667, 'infection_like_voc': 0.05555555555555555, 'safe_background': 0.08888888888888889}",0.0,0.0,84.79999999999978,38
environmental_hazard_00000,environmental_hazard,45.66343394456296,23.6931679387319,0.40943461845295404,1.008365471457061,0.002715789974746461,0.023952492221750506,0.015012456556277398,0.0,0.023553919737118494,0.0811465745585779,0.0,0.0,0.015089208842880092,0.9206347369563793,0.8464644387389374,0.303052251528636,0.0,0.025906509384214856,0.018847941436655323,0.0,0.01504163435993292,0.01618815117976445,0.0,0.023966820327491374,0.0,0.0,0.02304886740558909,environmental_hazard,0.6911111111111111,0.3088888888888889,0.030679767702737615,repeat_sampling,"{'environmental_hazard': 0.6911111111111111, 'food_spoilage': 0.011111111111111112, 'infection_like_voc': 0.12666666666666668, 'safe_background': 0.1711111111111111}",0.0,0.0,84.39999999999978,39
environmental_hazard_00000,environmental_hazard,68.59660014847178,16.863682473319244,0.48479179372565634,4.3625360868463225,0.0,0.0,0.008428508609938051,0.040144418301099195,0.08194299267884571,0.010039062944237426,0.049047433998212445,0.010936500142389494,0.059934484366348816,1.0,0.9113962531482687,0.35252705288947495,0.0,0.010950072953803083,0.1122384045646135,0.004407339220784401,0.09169133481375497,0.048362722555030435,0.11931307944195477,0.057511537877592465,0.8467922199163942,0.8785618331488185,0.026436225862578343,environmental_hazard,0.7533333333333333,0.2466666666666667,0.005179144497440169,retreat_and_alert_operator,"{'environmental_hazard': 0.7533333333333333, 'food_spoilage': 0.017777777777777778, 'infection_like_voc': 0.1288888888888889, 'safe_background': 0.1}",0.8467922199163942,0.8785618331488185,83.99999999999977,40
environmental_hazard_00000,environmental_hazard,61.478630435422644,22.544917337140784,0.40419145598341794,3.8179963262405634,0.0,0.0,0.00021012896623414604,0.0,0.016912569423083758,0.07947113406014807,0.0,0.048657151787894974,0.0832588122559303,1.0,0.6572151443341666,0.2721871677121644,0.07295246642177784,0.07561514125846616,0.016424517930987974,0.05200631381707595,0.14080115660778098,0.0,0.07171800335483337,0.07719067160813033,0.0,0.0,0.02304886740558909,environmental_hazard,0.7222222222222222,0.2777777777777778,0.018478598772092125,retreat_and_alert_operator,"{'environmental_hazard': 0.7222222222222222, 'food_spoilage': 0.02, 'infection_like_voc': 0.1, 'safe_background': 0.15777777777777777}",0.0,0.0,83.59999999999977,41
environmental_hazard_00000,environmental_hazard,78.60349171066426,25.626081321945833,0.6968674470434001,1.7002279618088096,0.0,0.0,0.010842445456944103,0.0,0.05905316451997089,0.0034514864692228083,0.0,0.0,0.1950128114253461,1.0,0.7358008085828824,0.10497206480185832,0.17138507289446975,0.14350058026681642,0.19019125491169941,0.16162293083441134,0.23833673720631066,0.14292242334226749,0.21655040791286284,0.18109464387754803,0.0,0.0,0.02304886740558909,environmental_hazard,0.7266666666666667,0.2733333333333333,0.014604506878009627,retreat_and_alert_operator,"{'environmental_hazard': 0.7266666666666667, 'food_spoilage': 0.013333333333333334, 'infection_like_voc': 0.12444444444444444, 'safe_background': 0.13555555555555557}",0.0,0.0,83.19999999999976,42
environmental_hazard_00000,environmental_hazard,38.73228354971589,21.08323216933635,0.7283214181014948,3.0573322761535158,0.010925795438958065,0.0490672817633173,0.020025672013225762,0.0,0.0,0.0606492762302112,0.0,0.05398068199491758,0.0,0.9205300177215553,0.6754599182559322,0.27717354105471526,0.0,0.01507810842806104,0.05363185362284513,0.0,0.0,0.0,0.0,0.013249205697605876,0.0,0.0,0.02304886740558909,environmental_hazard,0.7644444444444445,0.23555555555555552,0.03864869206740901,retreat_and_alert_operator,"{'environmental_hazard': 0.7644444444444445, 'food_spoilage': 0.017777777777777778, 'infection_like_voc': 0.09555555555555556, 'safe_background': 0.12222222222222222}",0.0,0.0,82.79999999999976,43
environmental_hazard_00000,environmental_hazard,63.35584592046678,22.90863577047704,0.2590587377020548,0.2021015210841268,0.0,0.0,0.0,0.0,0.04044864006228088,0.0,0.0,0.048430813597610485,0.0,0.9642224197185705,0.7576145172695619,0.2082574940313912,0.1289254705961003,0.06805324149760203,0.03509169790438571,0.07137021823061208,0.11481521073189527,0.023548936030740666,0.024320432867212076,0.03039017297525834,0.0,0.0,0.02304886740558909,environmental_hazard,0.7266666666666667,0.2733333333333333,0.00951677329456635,retreat_and_alert_operator,"{'environmental_hazard': 0.7266666666666667, 'food_spoilage': 0.015555555555555555, 'infection_like_voc': 0.1, 'safe_background': 0.15777777777777777}",0.0,0.0,82.39999999999975,44
environmental_hazard_00000,environmental_hazard,51.56665314049865,26.960055335893237,0.334962612512254,1.5005694510294645,0.05490241022684199,0.02187991608467065,0.03519262469653492,0.019447049971476223,0.0,0.00926923384750267,0.0,0.03357309075708049,0.20834107630533533,1.0,0.6741669630823898,0.3305335343372048,0.145083027069685,0.037973105049408755,0.10728493633868327,0.13631599147370635,0.05474441393875912,0.08938638938301777,0.10716400653778639,0.10245033503241387,0.0,0.0,0.02304886740558909,environmental_hazard,0.7355555555555555,0.2644444444444445,0.051942020501700104,retreat_and_alert_operator,"{'environmental_hazard': 0.7355555555555555, 'food_spoilage': 0.022222222222222223, 'infection_like_voc': 0.10888888888888888, 'safe_background': 0.13333333333333333}",0.0,0.0,81.99999999999974,45
environmental_hazard_00000,environmental_hazard,46.263635425714675,22.275528240652893,0.5365875366202373,1.5942903323805813,0.005734572206594708,0.0,0.008276850092609155,0.0,0.04437455573549426,0.011496741740474194,0.0,0.0679787212536335,0.03260893959380272,0.9512778063929996,0.8481548261904163,0.1407316056389081,0.07783868709136282,0.0,0.0,0.03830834380016941,0.0010657712444916492,0.0,0.0003690507331087986,0.0,0.0,0.0,0.02304886740558909,environmental_hazard,0.7444444444444445,0.25555555555555554,0.029499043232472544,retreat_and_alert_operator,"{'environmental_hazard': 0.7444444444444445, 'food_spoilage': 0.006666666666666667, 'infection_like_voc': 0.10888888888888888, 'safe_background': 0.14}",0.0,0.0,81.59999999999974,46
environmental_hazard_00000,environmental_hazard,58.471109209220636,22.29917194268933,0.4043521937806881,1.688593484438279,0.0,0.05027983055879581,0.0,0.01262594713922226,0.02462134302703374,0.0,0.01516470894169219,0.05669023869654327,0.08753450252422033,1.0,0.7503865560792079,0.21290326371219273,0.07833387103077591,0.0803882931491765,0.07282166897457934,0.020212148327097418,0.10246360441665905,0.0,0.07405070666623308,0.03343928242808993,0.0,0.0,0.02304886740558909,environmental_hazard,0.7511111111111111,0.24888888888888894,0.0413077675813191,retreat_and_alert_operator,"{'environmental_hazard': 0.7511111111111111, 'food_spoilage': 0.006666666666666667, 'infection_like_voc': 0.10888888888888888, 'safe_background': 0.13333333333333333}",0.0,0.0,81.19999999999973,47
environmental_hazard_00000,environmental_hazard,59.9693757216497,20.732027498359756,0.7847198896256662,1.8132518064649923,0.0,0.008115970719495805,0.0,0.029941403695235253,0.043572805587910254,0.028925223541364196,0.0,0.0,0.0655485567603771,0.9157630540219058,0.7666136089096788,0.17600389002216155,0.05200934868787825,0.014595760758694978,0.0,0.08041491592706763,0.15661045477710786,0.056440428320265495,0.0,0.0,0.0,0.0,0.02304886740558909,environmental_hazard,0.7555555555555555,0.24444444444444446,0.014696303871780447,retreat_and_alert_operator,"{'environmental_hazard': 0.7555555555555555, 'food_spoilage': 0.022222222222222223, 'infection_like_voc': 0.10222222222222223, 'safe_background': 0.12}",0.0,0.0,80.79999999999973,48
environmental_hazard_00000,environmental_hazard,74.22702255514743,21.58826673501,0.4479906723177703,1.5437551676340708,0.015358718587085755,0.0,0.0,0.0,0.0,0.027984584711574056,0.0,0.0019504078017573943,0.24390380254660038,1.0,0.8970954767608681,0.24038260000897957,0.12618115641206631,0.047334592489238915,0.05610686497582963,0.01725178680760018,0.09709594336559277,0.1070115526441388,0.11186093938743134,0.06748584467729273,0.0,0.0,0.02304886740558909,environmental_hazard,0.6822222222222222,0.3177777777777778,0.02027845985789689,repeat_sampling,"{'environmental_hazard': 0.6822222222222222, 'food_spoilage': 0.013333333333333334, 'infection_like_voc': 0.12666666666666668, 'safe_background': 0.17777777777777778}",0.0,0.0,80.39999999999972,49
